"gene","mutation","expectedDirection","background","genotype","submitter","reference","submissionDate","ids","night1_sleep","night2_sleep","day1_sleep","day2_sleep","night1_sleepBout","night2_sleepBout","day1_sleepBout","day2_sleepBout","night1_sleepLength","night2_sleepLength","day1_sleepLength","day2_sleepLength","night1_sleepLatency","night2_sleepLatency","day1_sleepLatency","day2_sleepLatency","night1_averageActivity","night2_averageActivity","day1_averageActivity","day2_averageActivity","night1_averageWaking","night2_averageWaking","day1_averageWaking","day2_averageWaking"
"psen1","F0 knockout","Inhibition","AB/TL","psen1","Kroll, Rihel lab, UCL","Kroll et al., 2025, Figure 3-figure supplement 1","260601","210913_12_psen1; 210913_13_psen1","-0.520641445",-0.24582174,0.39214496,-0.11787314,-0.00065281,0.051404135,0.10724739,-0.100480345,-0.262698995,-0.190606935,0.271981335,0.094224345,0.03781458,0.25410574,-4.33400000000011e-05,-0.07468671,0.669746205,0.36419472,0.237087495,0.15874576,0.30271011,0.22584989,0.28621324,0.183361375
"psen2","F0 knockout","Inhibition","AB/TL","psen2","Kroll, Rihel lab, UCL","Kroll et al., 2025, Fig. 3","260601","210907_12_psen2; 210907_13_psen2","-0.08982274",-0.102391585,0.724099545,0.45425083,-0.102282705,-0.12883523,0.532654295,0.40753985,0.071225145,-0.03062669,0.178376025,0.313033815,0.19289611,0.275271715,-0.271308365,-0.43945401,0.06926939,-0.03114998,-0.71083553,-0.4696279,0.15859278,-0.07714544,-0.65693069,-0.4492294
"appa/appb","F0 knockout","Inhibition","AB/TL","appab","Kroll, Rihel lab, UCL","Kroll et al., 2025, Figure 3-figure supplement 4","260601","220524_14_appab; 220524_15_appab","0.1463887505",0.0924425425,0.32839235,-0.117683557,-0.0670888255,-0.051641349,0.1958474605,-0.2617594745,0.3016474565,0.2615502475,0.235501583,0.3947309035,0.00480056149999999,0.332761532,-0.166301142,0.031960298,-0.2710233915,-0.224020567,-0.620462625,-0.248970429,-0.218452147,-0.313158764,-0.5975985965,-0.2789591955
"appa","F0 knockout","Inhibition","AB/TL","appa","Kroll, Rihel lab, UCL","Unpublished","260601","210927_12_appa; 210927_13_appa","0.331983715",0.21951012,0.860147485,0.3296036,-0.023990465,-0.049476915,0.500393715,0.2939971,0.338631325,0.19632186,0.011561955,0.15113311,-0.054760955,0.037139915,-0.05157751,-0.356825695,-0.28281038,-0.22853522,-0.331496485,-0.23490756,-0.176918115,-0.16188478,-0.30729548,-0.23469685
"clu","F0 knockout","Inhibition","AB/TL","clu","Kroll, Rihel lab, UCL","Kroll et al., 2025. Figure 4-figure supplement 3","260601","220601_16_clu; 220601_17_clu","-0.2098245945",-0.404347892,0.219332974,-0.2283117835,0.0884487525,0.149014999,0.1024516555,-0.317098695,-0.1752497695,-0.2209277475,0.8189691605,0.193327506,0.320514742,0.0167281625,-0.2594199095,0.354629692,0.170895216,0.4291826815,-0.2463748595,-0.0701869905,-0.0102861655,0.071343998,-0.1954662455,-0.0870412245
"sorl1","F0 knockout","Inhibition","AB/TL","sorl1","Kroll, Rihel lab, UCL","Kroll et al., 2025. Figure 4-figure supplement 4","260601","220531_14_sorl1; 220531_15_sorl1","-0.1765350505",-0.2662287075,0.256355839,0.053376812,-0.5053059915,-0.375373449,0.027358631,-0.200013865,0.2742878585,0.175012341,0.3024032805,0.485060702,1.1681225595,0.870577452,-0.216887045,-0.01914733,0.386854318,0.7668181825,-0.5464592235,-0.3305653415,0.4742789165,0.569813014,-0.534443373,-0.337692389
"cd2ap","F0 knockout","Inhibition","AB/TL","cd2ap","Kroll, Rihel lab, UCL","Kroll et al., 2025, Figure 4-figure supplement 2","260601","220725_16_cd2ap; 220725_17_cd2ap","-0.362693335",-0.50586716,0.63969108,-0.0338007,-0.227615665,-0.377542065,0.35834341,-0.100501405,-0.139000495,-0.13650125,0.343651525,0.240615165,0.60163965,0.44920046,-0.25093164,0.253644435,0.501905285,1.263301185,-0.08800589,0.316374905,0.119869645,0.47180936,-0.019391105,0.33137996
"apoea/apoeb","apoea 1bp-del & T>A; apoeb del10","Inhibition","AB/TL","Ahet_Bhet","Kroll, Rihel lab, UCL","Unpublished","260601","220531_10_Ahet_Bhet; 220531_11_Ahet_Bhet; 220706_14_Ahet_Bhet; 220706_15_Ahet_Bhet; 220706_16_Ahet_Bhet","0.55268527",0.674773872,0.832750116,0.297079436,-0.379944366,0.0389685,0.146341494,0.269829054,1.242418098,1.1498577,-0.075129426,0.097217468,-0.183844524,-0.159668738,6.949809164,36.327102326,-0.126678918,-0.33040989,0.036478844,0.013179962,0.356274264,-0.129157268,0.068782192,0.020247284
"apoea/apoeb","apoea 1bp-del & T>A; apoeb del10","Inhibition","AB/TL","Ahom_Bhom","Kroll, Rihel lab, UCL","Unpublished","260601","220531_10_Ahom_Bhom; 220531_11_Ahom_Bhom; 220706_14_Ahom_Bhom; 220706_15_Ahom_Bhom; 220706_16_Ahom_Bhom","0.0216634579999999",0.56366131,-0.213545966,0.082313268,-0.27457381,0.119143638,-0.320686258,0.251476602,0.4726145,0.825989084,-0.072064636,-0.297272674,-0.097098506,-0.050856462,12.331698968,26.363956732,-0.040782316,-0.359470942,0.512014394,0.076248622,0.018124346,-0.284736272,0.535664688,0.108154546
"apoea/apoeb","apoea 1bp-del & T>A; apoeb del10","Inhibition","AB/TL","Awt_Bhom","Kroll, Rihel lab, UCL","Unpublished","260601","220531_10_Awt_Bhom; 220531_11_Awt_Bhom; 220706_14_Awt_Bhom; 220706_15_Awt_Bhom; 220706_16_Awt_Bhom","0.7982474608",0.6768277062,2.2095609444,0.8671666698,0.0156301098,0.4398152814,0.9038623792,1.432283201,1.3085045032,0.6265665212,0.3862536456,-0.2916626708,-0.302436884,-0.3358320264,2.0051282998,69.0508132906,-0.527291144,-0.7216991876,-0.0928525086,-0.0420790272,-0.1593294522,-0.8088900034,-0.00311657639999999,-0.0335772418
"apoea/apoeb","apoea 1bp-del & T>A; apoeb del10","Inhibition","AB/TL","Ahom_Bwt","Kroll, Rihel lab, UCL","Unpublished","260601","220531_10_Ahom_Bwt; 220531_11_Ahom_Bwt; 220706_14_Ahom_Bwt; 220706_15_Ahom_Bwt; 220706_16_Ahom_Bwt","-0.411824526",0.476040324,0.571062458,0.185485926,-0.515729514,-0.069311588,-0.01070789,0.284670526,-0.075918824,0.449447892,-0.381967542,-0.412354678,-0.386340694,0.027416554,-0.208062224,71.141913762,0.81138999,-0.229704702,0.498937482,0.115944836,0.883809976,0.071704136,0.527923778,0.11030273
"apoea/apoeb","apoea 1bp-del & T>A; apoeb del10","Inhibition","AB/TL","Ahet_Bwt","Kroll, Rihel lab, UCL","Unpublished","260601","220531_10_Ahet_Bwt; 220531_11_Ahet_Bwt; 220706_14_Ahet_Bwt; 220706_15_Ahet_Bwt; 220706_16_Ahet_Bwt","0.2599590952",0.263103357,1.4062876472,0.3952570776,-0.227335632,0.1008659874,0.360728705,0.3639183398,0.6295969096,0.4115959864,0.2915395168,0.431107915,-0.0962963216,-0.018489373,2.7364199434,73.309899472,0.495795233,-0.0559749394,-0.120246028,0.0503606262,0.9002512122,0.0177725176,-0.0468163688,0.0723433606
"apoea/apoeb","apoea 1bp-del & T>A; apoeb del10","Inhibition","AB/TL","Ahet_Bhom","Kroll, Rihel lab, UCL","Unpublished","260601","220531_10_Ahet_Bhom; 220531_11_Ahet_Bhom; 220706_14_Ahet_Bhom; 220706_15_Ahet_Bhom; 220706_16_Ahet_Bhom","0.3451150706",0.5469793884,2.1370065348,0.957462987,-0.262665407,0.1755500264,0.3875005204,0.4916847478,1.1939514986,1.631224543,0.2080451676,0.4969115594,0.1322827326,-0.0122443254,7.8771049366,81.382975336,0.1530472858,-0.2443743376,-0.115052095,-0.1553306664,0.6344669706,0.1042917876,0.0270930694,-0.1034741998
"apoea/apoeb","apoea 1bp-del & T>A; apoeb del10","Inhibition","AB/TL","Awt_Bhet","Kroll, Rihel lab, UCL","Unpublished","260601","220531_10_Awt_Bhet; 220531_11_Awt_Bhet; 220706_14_Awt_Bhet; 220706_15_Awt_Bhet; 220706_16_Awt_Bhet","0.512439918",0.38435108,1.577281426,1.21707824,-0.85592633,-0.451675302,0.514548412,0.683536544,2.25366489,1.369758148,0.254640934,0.291595458,0.040963406,0.824953134,10.168230814,50.250443064,0.105104052,0.16760863,-0.110862096,-0.195512376,0.66246814,0.771141522,0.00631664800000003,-0.109863594
"apoea/apoeb","apoea 1bp-del & T>A; apoeb del10","Inhibition","AB/TL","Ahom_Bhet","Kroll, Rihel lab, UCL","Unpublished","260601","220531_10_Ahom_Bhet; 220531_11_Ahom_Bhet; 220706_14_Ahom_Bhet; 220706_15_Ahom_Bhet; 220706_16_Ahom_Bhet","0.233529391",0.4883089808,0.4113032606,0.091877301,-0.2992463608,-0.089327976,0.3152113302,0.3268108078,0.6546773218,0.924260644,-0.180513347,-0.0357593984,-0.213880768,0.2518559268,5.4234532904,36.9014161742,0.5987003126,-0.0658985012,0.0019511868,-0.1450081602,0.8493191348,0.1836691112,0.0656641802,-0.1480046518
"sorl1","11-bp del","Inhibition","AB/TL","het","Kroll, Rihel lab, UCL","Unpublished","260601","220316_14_het; 220316_15_het","0.00973980349999999",0.00141944399999999,-0.208586821,-0.1110676765,0.0019946695,-0.0194057895,-0.2230848475,-0.185084981,-0.0193208805,0.0664056765,-0.1899604285,0.3301696835,0.3839098155,0.0956543215,0.0851530195,0.20514162,0.2819136045,0.1458522565,-0.0152512325,0.1190765995,0.2016355425,0.2450739315,-0.0580970045,0.1201931065
"sorl1","11-bp del","Inhibition","AB/TL","hom","Kroll, Rihel lab, UCL","Unpublished","260601","220316_14_hom; 220316_15_hom","-0.283033785",-0.108254015,-0.07045273,-0.113665305,0.079298475,-0.08749424,-0.054650145,-0.167066865,-0.231801255,-0.00177555000000001,-0.21644256,-0.212270065,0.582424675,0.640125145,0.021157185,0.200304325,0.349773275,0.28073807,-0.45639718,0.021178075,0.096108945,0.3260499,-0.51787369,-0.001345875
"clu","51-bp del","Inhibition","AB/TL","het","Kroll, Rihel lab, UCL","Unpublished","260601","220906_14_het; 220906_15_het; 220906_16_het; 220906_17_het","0.192473618",0.0725156552,0.114286591575,-0.00101508594999999,-0.1701612414,-0.017605518525,-0.01976501065,0.03698337325,0.227506515625,0.159400945625,0.302488643375,0.160510971925,0.260555324575,0.028402335275,-0.125239640475,-0.197844511925,-0.142982348975,-0.136084766925,-0.04849672195,-0.295709233675,0.04441700955,-0.0846616171,-0.0272047857,-0.30476861075
"clu","51-bp del","Inhibition","AB/TL","hom","Kroll, Rihel lab, UCL","Unpublished","260601","220906_14_hom; 220906_15_hom; 220906_16_hom; 220906_17_hom","0.11664227275",0.26252885075,0.0423464925,-0.10001587425,-0.117878179,-0.13554794825,-0.10200529025,-0.1642261495,0.2070687335,0.33130969475,0.16628527175,0.497088779,0.290840565,-0.14150865425,-0.10894044575,0.011092204,-0.0555211885,-0.1557540955,-0.12580408425,-0.09125021275,0.00109518025000001,-0.06105327275,-0.13197918025,-0.106510236
"dpyda/dpydb","F0 knockout","Inhibition","AB/TL","dpydab","Zimmerman","Unpublished","260601","220321_02_dpydab; 231120_02_dpydab","-0.05638501",-0.224654375,-0.309576405,-0.22707548,0.504416895,0.392131535,-0.152832205,-0.11589011,-0.37182066,-0.454767285,-0.37139476,-0.355401985,0.188694305,0.009786405,-0.042071205,0.04637105,-0.094397305,0.069441535,0.55211521,0.906209815,-0.11493925,-0.04529107,0.494928985,0.90804813
"myrf","F0 knockout","Inhibition","AB/TL","Myrf","Zimmerman","Unpublished","260601","230626_02_Myrf; 231211_02_Myrf","-0.36307161",-0.61963245,-0.29197154,-0.343153335,0.182688975,-0.095298605,-0.14408415,-0.323333095,-0.40473763,-0.388660515,-0.32146703,-0.229733725,0.2296912,0.63992729,0.039450395,0.177668505,0.408077215,0.90845795,0.317262385,0.476899145,0.192269735,0.670871925,0.24595349,0.391487465
"fbxw7","F0 knockout","Inhibition","AB/TL","fbxw7","Zimmerman","Unpublished","260601","240610_02_fbxw7; 241210_02_fbxw7","0.7069663675",0.845103119,2.8867912165,1.8319862395,0.182197827,-0.200044869,1.8235798245,2.112758063,1.131583219,1.3185139435,0.8201255965,0.4857504715,-0.028203154,-0.404407194,-0.5343161565,-0.734703576,-0.076151546,-0.4126190205,-0.617850896,-0.9209645505,0.4081167305,-0.2206883455,-0.33335203,-0.665522348
"fxyd3","u504","Inhibition","AB/TL","Het","Rihel, Rihel lab, UCL","Barlow et al., 2023","260606","160830_04_Het; 160830_05_Het; 161018_04_Het; 161018_05_Het","-0.1267480675",-0.19843007,0.144772845,0.025397565,0.1696110025,0.0253220275,0.020591665,-0.00724709500000003,-0.251722,-0.265742785,0.1420712975,-0.0901619975,0.283241145,-0.0348578225,-0.185386885,0.2839598025,0.133675995,0.2302678175,0.03357298,-0.0417654575,0.057814275,0.16304632,0.01950136,-0.0599197725
"fxyd3","u504","Inhibition","AB/TL","Hom","Rihel, Rihel lab, UCL","Barlow et al., 2023","260606","160830_04_Hom; 160830_05_Hom; 161018_04_Hom; 161018_05_Hom","-0.405796165",-0.40352316,-0.04965544,-0.1230296425,-0.0484226375,-0.0347349275,-0.086476065,-0.1350747225,-0.4967668425,-0.46155543,0.134746675,-0.090708165,0.1633608125,1.1645889,-0.1982546675,0.443506035,0.32219575,0.4857672675,0.212994315,0.1468187175,0.10247901,0.289638785,0.2075088525,0.1426672875
